created_at,favorite_count,hashtags,latitute,longitute,retweet_count,text
Sun Dec 30 22:02:52 +0000 2018,0,"['campfire', 'paradise']",39.7617,-121.609,0,"Drove through Paradise, CA and saw the devastation first hand with backtotheboz. #campfire #paradise‚Ä¶ https://t.co/cWpVKeEFLB"
Sat Dec 29 21:10:06 +0000 2018,1,[],39.7617,-121.609,0,"Found on Neal please help... Call AC 9496808845 @ Paradise, California https://t.co/CNwtwSzYkj"
Sat Dec 29 01:45:37 +0000 2018,1,"['HappyHolidays', 'ParadiseCalifornia']",39.7617,-121.609,0,#HappyHolidays from #ParadiseCalifornia help me make this go viral. Please if its not to our organizations give to‚Ä¶ https://t.co/Mko6S2qpx5
Fri Dec 28 19:46:05 +0000 2018,1,[],39.7263,-121.8358,0,"Day 50 post Camp Fire, Gurjian Family Update: We are still living in our camper in the parking lot we now call ‚ÄúHop‚Ä¶ https://t.co/azu2aDg1Uf"
Fri Dec 28 16:09:41 +0000 2018,0,['CampFire'],39.7617,-121.609,0,"#CampFire 360 Drone / See the deadliest fire in CA history in VR on youtube @ Paradise, California https://t.co/dSlhmRAtJO"
Thu Dec 27 17:08:55 +0000 2018,1,"['LTMA', 'LessTalkMoreAction', 'Repost']",39.7617,-121.609,0,"We are here to help. #LTMA #LessTalkMoreAction @burtonspride @whitneycummings @MOCompassion @BJLaflin 

#Repost all‚Ä¶ https://t.co/VhD7QG5QG2"
Thu Dec 27 16:24:26 +0000 2018,1,['paradisecalifornia'],39.7617,-121.609,0,Check out my story click on the profile pic https://t.co/NSQVn055Az for the full story. #paradisecalifornia‚Ä¶ https://t.co/yCZB02g0bg
Thu Dec 27 02:52:31 +0000 2018,3,['campfire'],39.75979638,-121.84478805,2,Meet Lisa Wagoner and her family. She had reached out to us last week for help so we invited her to our #campfire C‚Ä¶ https://t.co/E4kO6oZBmJ
Tue Dec 25 20:20:38 +0000 2018,3,['campfire'],39.7263,-121.8358,2,A single picture is worth a thousand words. Look at this  little angel at our #campfire Christmas Event. Look at he‚Ä¶ https://t.co/wBagp3aKuh
Tue Dec 25 15:06:20 +0000 2018,1,['ClimateUprising'],39.7617,-121.609,0,"Christmas in Paradise, CA. Up here working on a #ClimateUprising climateuprising film + movement in response to the‚Ä¶ https://t.co/pjy2DkSpQB"
Mon Dec 24 23:07:43 +0000 2018,8,['bstrong'],39.7263,-121.8358,2,Merry Christmas and Happy Holidays to all of you. Our @michaelcapponi #bstrong teams are in Chico California prepar‚Ä¶ https://t.co/9IKXAQHQ9S
Mon Dec 24 21:44:21 +0000 2018,0,['longhair'],39.7267987,-121.83741373,0,"Britney hasn‚Äôt cut her hair in a long time. I took off a little length, layered and thinned her hair. #longhair‚Ä¶ https://t.co/DEDqe51KU1"
Mon Dec 24 21:39:40 +0000 2018,0,[],39.7267987,-121.83741373,0,This past weekend I was back at Satori cutting hair in my old chair. I gave 9 haircuts to survivors of the camp fir‚Ä¶ https://t.co/iqvNLFVfs2
Mon Dec 24 15:47:07 +0000 2018,1,['campfirecuts'],39.76014,-121.82396,0,"#campfirecuts Saturday Dec 22nd nscoubes  and I arranged Holiday Haircuts for The Campfire Evacuees in Chico, Ca wh‚Ä¶ https://t.co/c19KavK22u"
Sun Dec 23 23:28:56 +0000 2018,4,"['campfireparadise', 'campfire', 'buttestrong', 'sheriff']",39.76052145,-121.80686176,2,I am meeting so many wonderful children in Chico today. #campfireparadise #campfire #buttestrong #sheriff‚Ä¶ https://t.co/HPaoow6dPM
Sun Dec 23 22:42:21 +0000 2018,2,[],39.76052145,-121.80686176,0,My buddy Reuben and I are in Chico for a Blue Christmas. This for the families of first responders that lost their‚Ä¶ https://t.co/tw2zJ7qhd0
Sun Dec 23 17:46:46 +0000 2018,1,['campfire'],39.7263,-121.8358,0,The Loves lost a lot of belongings in the Paradise #campfire (including their bikes) but they didn't lose each othe‚Ä¶ https://t.co/6hCQ3IUVHB
Sun Dec 23 05:11:06 +0000 2018,4,[],39.759606,-121.621918,0,"An Ice Rink in Paradise Reopens Just in Time for Christmas, Bringing Smiles to Camp Fire¬†Survivors https://t.co/8CuhWyrb9F"
Sun Dec 23 03:42:51 +0000 2018,0,['armyforpets'],39.7617,-121.609,0,Here‚Äôs @allycannata ‚Äã with #armyforpets talking about some of the major unseen challenges faced by those volunteeri‚Ä¶ https://t.co/hpswLd84Fu
Sun Dec 23 03:40:47 +0000 2018,0,['armyforpets'],39.7617,-121.609,0,Here‚Äôs @allycannata ‚Äã with #armyforpets talking about some of the major unseen challenges faced by those volunteeri‚Ä¶ https://t.co/lpXEF0U6MC
Sat Dec 22 20:15:14 +0000 2018,0,"['campfires', 'paradiseca', 'wildfire', 'drought']",39.7617,-121.609,0,"All that‚Äôs left is chimneys... Complete devastation in Paradise, CA. #campfires #paradiseca #wildfire #drought‚Ä¶ https://t.co/rwKBjQOTXa"
Sat Dec 22 07:31:36 +0000 2018,1,[],39.79999,-121.514162,0,"Couple Loses Home and Thriving Tea Garden Business to Camp Fire, Vows to¬†Rebuild https://t.co/QC5PhSmCjU"
Thu Dec 20 21:27:28 +0000 2018,0,[],39.7263,-121.8358,0,"More pics from @viralwebstudio to go with my last post. It‚Äôs devastating please help. @ Chico, California https://t.co/gVMrkgZjW8"
Thu Dec 20 20:58:46 +0000 2018,0,['campfire'],39.7617,-121.609,0,Good Karma ThursdAys üê∂‚ôªÔ∏èüê± Current issues with sheltered pets after #campfireüî•: Help get these displaced and abandon‚Ä¶ https://t.co/bMBMGYUjtZ
Thu Dec 20 00:09:50 +0000 2018,1,[],39.7263,-121.8358,0,Had an wonderful time performing at last weekend‚Äôs Camp Fire Benefit. Thank you Chuck Clutchshifter for this photo!‚Ä¶ https://t.co/a14fy0UJe9
Tue Dec 18 02:12:57 +0000 2018,0,[],39.76448,-121.81448,0,My heart is full as we got to bless many ladies who lost everything in the Camp Fire with Mary Kay skin care and co‚Ä¶ https://t.co/4zgTcyi2cI
Mon Dec 17 16:32:48 +0000 2018,0,"['campfire', 'survivor']",39.5129,-121.5583,0,"Good morning Noel kisses. #campfire #survivor edgyboy_kaiden @ Oroville, California https://t.co/W0uaQ883qB"
Mon Dec 17 15:59:22 +0000 2018,0,[],39.7617,-121.609,0,"A post from Facebook. CAMP FIRE Paradise Ca Area LOST FOUND ANIMALS 

Rest in Peace my beautiful babies &lt;3

I remem‚Ä¶ https://t.co/0qwa7GCKsH"
Mon Dec 17 06:45:20 +0000 2018,2,[],39.7617,-121.609,0,Last week jeffrey_schneider11 and I went up to Chico and Paradise to start working on a climateuprising film and‚Ä¶ https://t.co/ykRYCLJ3CJ
Sun Dec 16 23:07:54 +0000 2018,1,['CampFire'],39.7617,-121.609,0,Home!!!!  1st trip back from #CampFire Good I fucking miss you!!!  We'll be back. Stronger. Bigger. Better. @ Parad‚Ä¶ https://t.co/kArN2XGyFK
Sun Dec 16 21:33:16 +0000 2018,0,[],39.759606,-121.621918,1,Crane Company Fires 3 Employees after They Post Inappropriate Pictures in Camp Fire¬†Wreckage https://t.co/ao8WXg3Nz9
Sun Dec 16 03:27:06 +0000 2018,18,[],39.7617,-121.609,1,Our last stop was to Paradise and we saw firsthand the devastation. We arrived at Firehouse 35 to make dinner for t‚Ä¶ https://t.co/WDQae6cP8G
Sun Dec 16 02:30:41 +0000 2018,16,[],39.51877998,-121.567266,3,Yesterday we returned to Butte County to help the families and animals..and make dinner for first responders. Pictu‚Ä¶ https://t.co/Znkz3eNT8p
Sun Dec 16 01:26:16 +0000 2018,1,"['MichaelCapponi', 'GlobalEmpowermentMission', 'ParadiseCA', 'Christmas']",39.7617,-121.609,1,#MichaelCapponi's #GlobalEmpowermentMission Crew are headed back to #ParadiseCAüå≤ for a THIRD Mission on #Christmas‚Ä¶ https://t.co/v7UZ0ttEvY
Sat Dec 15 21:26:53 +0000 2018,0,[],39.759606,-121.621918,0,All Evacuation Orders Lifted in Deadly Camp¬†Fire https://t.co/IH2gv7Utm6
Sat Dec 15 20:10:48 +0000 2018,0,[],39.77321,-121.87626,0,Doors have opened &amp; show is about to start. Come support our Camp Fire community and enjoy an afternoon of Bellydan‚Ä¶ https://t.co/CmxtVimjPM
Sat Dec 15 18:08:03 +0000 2018,2,"['calfire', 'campfire']",39.7617,-121.609,0,"If you ever see these trucks wave,the guys,gals would appreciate it..inmate firefighters #calfire #campfire @ Parad‚Ä¶ https://t.co/ixzAXAQLp7"
Sat Dec 15 17:53:05 +0000 2018,1,"['calfire', 'campfire']",39.7617,-121.609,1,"If you ever see these trucks wave,the guys,gals would appreciate it..inmate firefighters #calfire #campfire @ Parad‚Ä¶ https://t.co/9RQQZLwNik"
Sat Dec 15 17:52:07 +0000 2018,1,"['campfire', 'calfire']",39.7617,-121.609,0,"Inmate firefighters at #campfire #calfire so proud of these guys @ Paradise, California https://t.co/YSqZI8Q18F"
Fri Dec 14 08:45:27 +0000 2018,0,[],39.76448,-121.81448,0,Loved blessing some folks affected by the Camp Fire with Mary Kay and 18 Greens Polo Shirts‚ù§‚ù§‚ù§ Thank you to 18green‚Ä¶ https://t.co/JSXlwVXv2k
Thu Dec 13 21:54:59 +0000 2018,0,"['campfire', 'resilienceipa']",39.7263,-121.8358,0,"Doing my small part to support the victims of the #campfire 

@sierranevada #resilienceipa @ Chico, California https://t.co/BBBIxboW8d"
Wed Dec 12 20:43:36 +0000 2018,2,[],39.8031,-121.448,0,"Drove up to Pulga yesterday, to check out ground zero of the Camp Fire, 34 days later. Honestly, after near record‚Ä¶ https://t.co/WReS06hFXQ"
Wed Dec 12 10:36:06 +0000 2018,0,[],39.7617,-121.609,0,"Please help Rob! He lost everything in the Paradise Fire!
https://t.co/VAJD34C0MM @ Paradise, California https://t.co/Me967R6QvK"
Wed Dec 12 00:55:13 +0000 2018,0,"['campfire', 'rebuild']",39.7263,-121.8358,0,"Current view from my front porch. The fire is over but the work is just beginning. #campfire #rebuild @ Chico, Cali‚Ä¶ https://t.co/QizlgUdGdF"
Tue Dec 11 19:40:49 +0000 2018,4,[],39.72997599,-121.85155879,0,"PLS STOP &amp; READ!!
My classmates and I from our Digital Media Literacy Class have started a GoFundMe for victims of‚Ä¶ https://t.co/lzGGQZpWCd"
Tue Dec 11 06:21:41 +0000 2018,0,"['photography', 'beautiful', 'campfire', 'photooftheday', 'flyinghorsedesigncom']",39.7617,-121.609,0,"üå≤üå≤üå≤üå≤üå≤üå≤üå≤
missing Paradise 
.
.
.
.
.
#photography #beautiful #campfire #photooftheday #flyinghorsedesigncom‚Ä¶ https://t.co/FRhOCHwOfo"
Tue Dec 11 06:19:40 +0000 2018,0,"['photography', 'beautiful', 'campfire', 'photooftheday', 'flyinghorsedesigncom']",39.7617,-121.609,0,"üå≤üå≤üå≤üå≤üå≤
missing Paradise 
.
.
.
.
.
#photography #beautiful #campfire #photooftheday #flyinghorsedesigncom‚Ä¶ https://t.co/xg6QBhuojf"
Tue Dec 11 06:18:10 +0000 2018,0,"['photography', 'beautiful', 'campfire', 'photooftheday', 'flyinghorsedesigncom', 'paradiseca']",39.7617,-121.609,0,"üå≤üå≤üå≤
missing Paradise 
.
.
.
.
.
#photography #beautiful #campfire #photooftheday #flyinghorsedesigncom #paradiseca‚Ä¶ https://t.co/J0bNJF4rpO"
Tue Dec 11 01:29:15 +0000 2018,4,[],39.759606,-121.621918,2,‚ÄòYou Made It!‚Äô: Video Shows Moment Family Finds Cat Alive ‚Äî 1 Month after Camp¬†Fire https://t.co/Jty8qniX7D
Mon Dec 10 20:19:35 +0000 2018,10,[],39.759606,-121.621918,3,Paradise Family Finds Cat Alive a Month after Deadly Camp¬†Fire https://t.co/Jty8qniX7D
Mon Dec 10 17:08:01 +0000 2018,0,[],39.72877612,-121.80597963,0,"Back at it again, assisting the folks in Butte County Campfire @ Chico Mall https://t.co/cAKF6ry2ML"
Mon Dec 10 06:17:20 +0000 2018,0,"['CampFire', 'Tribe', 'FriendsandFamily']",39.64,-121.79777778,0,"The #CampFire took so much from our Family. Now, thanks to a large and loving #Tribe of #FriendsandFamily, we have‚Ä¶ https://t.co/NPnFIrXcVz"
Sun Dec 09 23:27:22 +0000 2018,3,"['bstrong', 'paradise', 'magalia']",39.8158845,-121.59092607,3,Some scenes from todays @michaelcapponi #bstrong distribution to fire survivors from #paradise &amp; #magalia. The phys‚Ä¶ https://t.co/cVJQ7SLD3R
Sun Dec 09 05:44:06 +0000 2018,0,[],39.73851,-122.01145,0,Thank you so much for being my community ‚ù§Ô∏è I love MEChA! Somos chillonxs pero ching√≥nxs!!! üíú @ Hamilton City Fire‚Ä¶ https://t.co/Bd98L5bH8f
Sun Dec 09 04:24:14 +0000 2018,0,['getoutside'],39.7617,-121.609,0,"both vehicles were destroyed in CampFire üî• ....remember Paradise 
waiting to return to Paradise .
.
.  #getoutside‚Ä¶ https://t.co/tLuBnZw9kK"
Sun Dec 09 04:23:16 +0000 2018,0,['getoutside'],39.7617,-121.609,0,"both vehicles were destroyed in CampFire üî• ....remember Paradise 
waiting to return to Paradise .
.
.  #getoutside‚Ä¶ https://t.co/LbvR3aLPOW"
Sun Dec 09 01:25:00 +0000 2018,0,[],39.7617,-121.609,0,"both vehicles were destroyed in CampFire üî• 
....remember Paradise 
waiting to return to Paradise 

.
.
.‚Ä¶ https://t.co/zity2EaaDq"
Sun Dec 09 00:45:57 +0000 2018,5,['campfire'],39.7617,-121.609,4,Today marks the 1 Month Anniversary of the #campfire tragedy in Paradise California. Tomorrow @michaelcapponi‚Ä¶ https://t.co/mO7g382R6K
Sat Dec 08 17:58:05 +0000 2018,0,[],39.72901065,-121.80317491,0,"EDD EMPLOYEES at their best serving the folks in CHICO CA
Campfire Butte County
If you are in need of SOCIAL SECURI‚Ä¶ https://t.co/kepXpVIyyJ"
Sat Dec 08 05:36:19 +0000 2018,0,"['beautiful', 'paradiseca', 'love', 'campfire', 'paradise', 'flyinghorsedesigncom']",39.7617,-121.609,0,"remember Paradise 
...link in bio 
.
.
.
.
.
#beautiful #paradiseca #love #campfire #paradise #flyinghorsedesigncom‚Ä¶ https://t.co/L3oqhZUg9C"
Sat Dec 08 05:35:06 +0000 2018,0,"['beautiful', 'paradiseca', 'love', 'campfire', 'paradise', 'flyinghorsedesigncom']",39.7617,-121.609,0,"remember Paradise 
...link in bio 
.
.
.
.
.
#beautiful #paradiseca #love #campfire #paradise #flyinghorsedesigncom‚Ä¶ https://t.co/YkZ7GZX5yE"
Sat Dec 08 05:33:47 +0000 2018,0,"['beautiful', 'paradiseca', 'love', 'campfire', 'paradise', 'flyinghorsedesigncom']",39.7617,-121.609,0,"remember Paradise 
...link in bio 
.
.
.
.
.
#beautiful #paradiseca #love #campfire #paradise #flyinghorsedesigncom‚Ä¶ https://t.co/6bYddK21qj"
Sat Dec 08 05:32:58 +0000 2018,0,"['beautiful', 'paradiseca', 'love', 'campfire', 'paradise', 'flyinghorsedesigncom']",39.7617,-121.609,0,"remember Paradise 
...link in bio 
.
.
.
.
.
#beautiful #paradiseca #love #campfire #paradise #flyinghorsedesigncom‚Ä¶ https://t.co/pEXdIOe2Ro"
Sat Dec 08 05:31:51 +0000 2018,0,"['beautiful', 'paradiseca', 'love', 'campfire', 'paradise', 'flyinghorsedesigncom']",39.7617,-121.609,0,"remember Paradise 
...link in bio 
.
.
.
.
.
#beautiful #paradiseca #love #campfire #paradise #flyinghorsedesigncom‚Ä¶ https://t.co/jiyhmvnbPO"
Sat Dec 08 05:30:55 +0000 2018,0,"['beautiful', 'paradiseca', 'love', 'campfire', 'paradise', 'flyinghorsedesigncom']",39.7617,-121.609,0,"remember Paradise 
...link in bio 
.
.
.
.
.
#beautiful #paradiseca #love #campfire #paradise #flyinghorsedesigncom‚Ä¶ https://t.co/aufF5OxL2y"
Sat Dec 08 05:29:53 +0000 2018,0,"['beautiful', 'paradiseca', 'love', 'campfire', 'paradise', 'flyinghorsedesigncom']",39.7617,-121.609,0,"remember Paradise 
...link in bio 
.
.
.
.
.
#beautiful #paradiseca #love #campfire #paradise #flyinghorsedesigncom‚Ä¶ https://t.co/0Aujhbu060"
Sat Dec 08 05:28:37 +0000 2018,0,"['beautiful', 'paradiseca', 'love', 'campfire', 'paradise', 'flyinghorsedesigncom']",39.7617,-121.609,0,"remember Paradise 
...link in bio 
.
.
.
.
.
#beautiful #paradiseca #love #campfire #paradise #flyinghorsedesigncom‚Ä¶ https://t.co/Z24urvDksE"
Fri Dec 07 05:49:15 +0000 2018,1,"['GreenNewDeal', 'CampFire', 'climateemergency', 'ValveTurners']",39.7617,-121.609,0,"Scorched. Why we need a green new deal, part 3. #GreenNewDeal #CampFire #climateemergency #ValveTurners‚Ä¶ https://t.co/lJ81zd1lHu"
Fri Dec 07 05:49:11 +0000 2018,0,"['GreenNewDeal', 'CampFire', 'climateemergency', 'ValveTurners']",39.7617,-121.609,0,"Cars everywhere. Why we need a green new deal, part 4. #GreenNewDeal #CampFire #climateemergency #ValveTurners‚Ä¶ https://t.co/VHqp2C6rMs"
Fri Dec 07 05:48:51 +0000 2018,0,"['GreenNewDeal', 'climateemergency']",39.7617,-121.609,0,"The elementary school in Paradise CA. Why we need a green new deal, part 2. #GreenNewDeal #climateemergency‚Ä¶ https://t.co/OEpL264mj3"
Fri Dec 07 05:48:36 +0000 2018,0,"['GreenNewDeal', 'climateemergency', 'CampFire', 'ValveTurners', 'documentary']",39.7617,-121.609,0,"Why we need a green new deal. #GreenNewDeal #climateemergency #CampFire #ValveTurners #documentary @ Paradise, Cali‚Ä¶ https://t.co/XBVZdHYekf"
Wed Dec 05 17:26:03 +0000 2018,1,[],39.7263,-121.8358,0,So I‚Äôm true Atlas form the first 9 days of his life have been a nonstop adventure. This little gift from heaven is‚Ä¶ https://t.co/DMMAnHZIW0
Wed Dec 05 04:20:20 +0000 2018,1,['Repost'],39.7617,-121.609,0,#Repost @Shelina93 Well the fires are out but we are still working. There‚Äôs still a lot of animals stuck behind the‚Ä¶ https://t.co/2qr0Id881j
Wed Dec 05 03:35:14 +0000 2018,1,"['buttestrong', 'campfire']",39.51877998,-121.567266,0,#buttestrong @kleankanteen thank you for helping me to replace some of my Klean Kanteens lost in the #campfire whil‚Ä¶ https://t.co/dODMVyTqPt
Tue Dec 04 03:58:49 +0000 2018,2,['campfire'],39.71665991,-121.81196219,1,Got to go up and see the good work Mark Anthony Carter and his wife LaVonna are doing for #campfire refugees at the‚Ä¶ https://t.co/hqxtPDeeJt
Tue Dec 04 01:02:00 +0000 2018,1,[],39.7263,-121.8358,0,"My world is on fire back home, since fires came through and ravaged our sweet little section of the foothills. I'm‚Ä¶ https://t.co/WwX6Ijwzm2"
Mon Dec 03 22:52:35 +0000 2018,0,[],39.7263,-121.8358,0,Fortune School was honored to help reunite  students and teachers of Butte County Charter Schools. Today was their‚Ä¶ https://t.co/2IONI1p5ek
Mon Dec 03 15:51:14 +0000 2018,0,"['Oroville', 'traffic']",39.64979,-121.5595,0,Camp fire closure in #Oroville on Hwy 70 Both NB/SB between Pentz Rd and CA 89 #traffic https://t.co/c3uk72lAkZ
Mon Dec 03 14:38:45 +0000 2018,0,[],39.7617,-121.609,0,Kind acts to support those who lost everything in the Paradise Fire.  Just saw this posted on an adopt a Paradise f‚Ä¶ https://t.co/FOFYjpiqpf
Mon Dec 03 03:35:54 +0000 2018,0,"['Oroville', 'traffic']",39.64979,-121.5595,0,Camp fire closure in #Oroville on Hwy 70 Both NB/SB between Pentz Rd and CA 89 #traffic https://t.co/c3uk72lAkZ
Sun Dec 02 18:33:59 +0000 2018,5,['campfire'],39.51877998,-121.567266,2,So thankful to have Noel home. We lost other pets and they will forever be in our hearts üíï. #campfire survivor.‚Ä¶ https://t.co/6UjAvQU3Rp
Sun Dec 02 15:34:53 +0000 2018,0,"['Oroville', 'traffic']",39.64979,-121.5595,0,Camp fire closure in #Oroville on Hwy 70 Both NB/SB between Pentz Rd and CA 89 #traffic https://t.co/c3uk72lAkZ
Sun Dec 02 15:15:23 +0000 2018,0,"['flyinghorsedesigncom', 'photographer', 'photooftheday']",39.826,-121.603,0,"remember Paradise 
visit our website link in bio 
.
.
.
.
.
#flyinghorsedesigncom #photographer #photooftheday‚Ä¶ https://t.co/PPCKXu2tke"
Sun Dec 02 15:11:27 +0000 2018,0,['flyinghorsedesigncom'],39.7617,-121.609,0,"my family and animals all survived the üî•...and my üì∑ 
remember Paradise 
.
.
.
.
.
#flyinghorsedesigncom‚Ä¶ https://t.co/9Eaiygk1C6"
Sun Dec 02 15:02:42 +0000 2018,0,['flyinghorsedesigncom'],39.7617,-121.609,0,"backyard beauty
remembering Paradise 
...visit our website link in bio 
.
.
.
.
.
#flyinghorsedesigncom‚Ä¶ https://t.co/I0JGtUxCTy"
Sun Dec 02 14:56:43 +0000 2018,0,"['flyinghorsedesigncom', 'photographer']",39.7617,-121.609,0,"remember Paradise 
...visit our website and Redbubble store
.
.
.
.
.
#flyinghorsedesigncom #photographer‚Ä¶ https://t.co/lQBJfcrzl0"
Sun Dec 02 14:55:41 +0000 2018,0,"['flyinghorsedesigncom', 'photographer']",39.7617,-121.609,0,"remember Paradise 
...visit our website and Redbubble store
.
.
.
.
.
#flyinghorsedesigncom #photographer‚Ä¶ https://t.co/MxHUHx1RQJ"
Sun Dec 02 14:54:45 +0000 2018,1,"['flyinghorsedesigncom', 'photographer']",39.7617,-121.609,0,"remember Paradise 
...visit our website and Redbubble store
.
.
.
.
.
#flyinghorsedesigncom #photographer‚Ä¶ https://t.co/DfDOs2ZjhG"
Sun Dec 02 14:44:23 +0000 2018,1,"['flyinghorsedesigncom', 'photographer', 'photooftheday', 'love']",39.7617,-121.609,0,"Feather River Canyon 
memories of Paradise 
.
.
.
.
.
#flyinghorsedesigncom #photographer #photooftheday #love‚Ä¶ https://t.co/0FLLOSXQCm"
Sun Dec 02 14:44:01 +0000 2018,0,"['flyinghorsedesigncom', 'photographer', 'photooftheday', 'love']",39.7617,-121.609,0,"Snow ‚õÑÔ∏è in Paradise 
memories of Paradise 
.
.
.
.
.
#flyinghorsedesigncom #photographer #photooftheday #love‚Ä¶ https://t.co/KgYmJczuVz"
Sun Dec 02 14:42:32 +0000 2018,0,"['flyinghorsedesigncom', 'photographer', 'photooftheday', 'love', 'photography']",39.826,-121.603,0,"Paradise Lake
memories of Paradise 
.
.
.
.
.
#flyinghorsedesigncom #photographer #photooftheday #love #photography‚Ä¶ https://t.co/SiI4TjJuk5"
Sun Dec 02 06:20:49 +0000 2018,1,"['campfire', 'paradiselove']",39.51877998,-121.567266,0,"Home sweet home. #campfire can‚Äôt take away love! #paradiselove @ Butte County, California https://t.co/qjOagEjB9Q"
Sun Dec 02 02:56:30 +0000 2018,0,"['Oroville', 'traffic']",39.64979,-121.5595,0,Camp fire closure in #Oroville on Hwy 70 Both NB/SB between Pentz Rd and CA 89 #traffic https://t.co/c3uk72lAkZ
Sat Dec 01 23:00:38 +0000 2018,5,[],39.71977,-121.81038,1,So proud of our @ChallengeCSUC students who spent their Saturday morning blessing a local shelter who has been doin‚Ä¶ https://t.co/FIywRzcj4w
Sat Dec 01 20:16:06 +0000 2018,0,[],39.7617,-121.609,0,Ok folks the AUCTION starts TOMORROW 12/2! I donated a piece to help out a jeweler from Paradise CA who lost her ho‚Ä¶ https://t.co/CEwrmY809C
Sat Dec 01 14:16:16 +0000 2018,0,"['Oroville', 'traffic']",39.64979,-121.5595,0,Camp fire closure in #Oroville on Hwy 70 Both NB/SB between Pentz Rd and CA 89 #traffic https://t.co/c3uk72lAkZ
Sat Dec 01 13:34:20 +0000 2018,0,"['starbucksnamefail', 'chico']",39.7263,-121.8358,0,"The best #starbucksnamefail tweet.  But it was a fail, was it? Gotta love those Petaluma fire fighters. #chico‚Ä¶ https://t.co/4vMYqno1bC"
Sat Dec 01 04:27:21 +0000 2018,3,[],39.625395,-121.537,2,"Butte County Man‚Äôs House Survives Camp Fire, Flash¬†Flooding https://t.co/DSKYF6W7H7"
Fri Nov 30 21:18:32 +0000 2018,0,['campfire'],39.7267987,-121.83741373,0,December 22 I‚Äôll be at  https://t.co/EGnZaLAvgt.satori giving haircuts to #campfire survivors. If you would like a‚Ä¶ https://t.co/PRFp8Pj8HC
Fri Nov 30 21:16:09 +0000 2018,0,['campfire'],39.7267987,-121.83741373,0,December 22 I‚Äôll be at  https://t.co/EGnZaLAvgt.satori giving haircuts to #campfire survivors. If you would like a‚Ä¶ https://t.co/6Wsg8gDk3v
Fri Nov 30 21:16:09 +0000 2018,0,['campfire'],39.7267987,-121.83741373,0,December 22 I‚Äôll be at  https://t.co/EGnZaLAvgt.satori giving haircuts to #campfire survivors. If you would like a‚Ä¶ https://t.co/6Wsg8gDk3v
Fri Nov 30 19:02:12 +0000 2018,0,"['Oroville', 'traffic']",39.64979,-121.5595,0,Camp fire closure in #Oroville on Hwy 70 Both NB/SB between Pentz Rd and CA 89 #traffic https://t.co/c3uk72lAkZ
Fri Nov 30 15:36:10 +0000 2018,0,"['paradiseca', 'paradise']",39.7617,-121.609,0,"remember Paradise....
Use link in bio to check out our website and stores

.
.
.
.
.
#paradiseca #paradise‚Ä¶ https://t.co/BmuNUhnRdQ"
Fri Nov 30 15:36:06 +0000 2018,0,"['paradiseca', 'paradise']",39.7617,-121.609,0,"remember Paradise....
Use link in bio to check out our website and stores

.
.
.
.
.
#paradiseca #paradise‚Ä¶ https://t.co/g1g6dPf1bZ"
Fri Nov 30 15:34:58 +0000 2018,0,"['paradiseca', 'paradise']",39.7617,-121.609,0,"remember Paradise....
Use link in bio to check out our website and stores

.
.
.
.
.
#paradiseca #paradise‚Ä¶ https://t.co/Q7AekfOAtp"
Fri Nov 30 14:54:32 +0000 2018,0,"['Oroville', 'traffic']",39.64979,-121.5595,0,Camp fire closure in #Oroville on Hwy 70 Both NB/SB between Pentz Rd and CA 89 #traffic https://t.co/c3uk72Dbcx
Fri Nov 30 08:08:39 +0000 2018,0,"['Oroville', 'traffic']",39.64979,-121.5595,0,Camp fire closure in #Oroville on Hwy 70 Both NB/SB between Pentz Rd and CA 89 #traffic https://t.co/c3uk72lAkZ
Thu Nov 29 22:20:42 +0000 2018,0,[],39.71,-121.77,0,"At 2:19 PM PST, 4 SE Chico [Butte Co, CA] COUNTY OFFICIAL reports FLOOD. FLOODING REPORTED AT HONEY RUN ROAD AND HO‚Ä¶ https://t.co/rs1KWhXuxW"
Thu Nov 29 22:05:29 +0000 2018,0,[],39.67,-121.74,0,"At 1:58 PM PST, 6 NE Durham [Butte Co, CA] PUBLIC reports FLOOD. REPORTED AT HWY 99 AND NEAL ROAD, CHICO CA SHEET F‚Ä¶ https://t.co/A5GirF1dsJ"
Thu Nov 29 19:45:40 +0000 2018,0,"['Oroville', 'traffic']",39.64979,-121.5595,0,Camp fire closure in #Oroville on Hwy 70 Both NB/SB between Pentz Rd and CA 89 #traffic https://t.co/c3uk72lAkZ
Thu Nov 29 17:01:05 +0000 2018,0,"['Oroville', 'traffic']",39.64979,-121.5595,0,Camp fire closure in #Oroville on Hwy 70 Both NB/SB between Pentz Rd and CA 89 #traffic https://t.co/c3uk72Dbcx
Thu Nov 29 15:07:34 +0000 2018,0,"['instalike', 'adventure', 'photooftheday', 'beautiful', 'love', 'wanderlust', 'paradise']",39.738587,-121.821392,0,"Bidwell an urban oasis 
.
.
.
.
.
#instalike #adventure #photooftheday #beautiful #love #wanderlust #paradise‚Ä¶ https://t.co/1NYlbmhr9e"
Thu Nov 29 15:05:02 +0000 2018,0,"['instalike', 'adventure', 'photooftheday', 'beautiful', 'love', 'wanderlust', 'paradise']",39.73559,-121.81702,0,"Bidwell an urban oasis 
.
.
.
.
.
#instalike #adventure #photooftheday #beautiful #love #wanderlust #paradise‚Ä¶ https://t.co/co84fGcSp3"
Thu Nov 29 15:02:57 +0000 2018,0,"['instalike', 'adventure', 'photooftheday', 'beautiful', 'love', 'wanderlust', 'paradise']",39.73559,-121.81702,0,"Bidwell an urban oasis 
.
.
.
.
.
#instalike #adventure #photooftheday #beautiful #love #wanderlust #paradise‚Ä¶ https://t.co/t7MAd3LmVK"
Thu Nov 29 14:59:44 +0000 2018,0,"['instalike', 'adventure', 'photooftheday', 'beautiful', 'love', 'wanderlust', 'paradise']",39.7263,-121.8358,0,"Bidwell an urban oasis 
.
.
.
.
.
#instalike #adventure #photooftheday #beautiful #love #wanderlust #paradise‚Ä¶ https://t.co/XYhjja15eu"
Thu Nov 29 14:58:28 +0000 2018,0,"['instalike', 'adventure', 'photooftheday', 'beautiful', 'love', 'wanderlust', 'paradise']",39.7263,-121.8358,0,"Bidwell an urban oasis 
.
.
.
.
.
#instalike #adventure #photooftheday #beautiful #love #wanderlust #paradise‚Ä¶ https://t.co/Fnc6fVuHGP"
Thu Nov 29 14:57:24 +0000 2018,0,"['instalike', 'adventure', 'photooftheday', 'beautiful', 'love', 'wanderlust', 'paradise']",39.7263,-121.8358,1,"Bidwell an urban oasis 
.
.
.
.
.
#instalike #adventure #photooftheday #beautiful #love #wanderlust #paradise‚Ä¶ https://t.co/nmButg9Qho"
Thu Nov 29 07:58:25 +0000 2018,1,"['Paradise', 'Chico', 'CampFire']",39.72919,-121.83767,0,"üôåüèº HANDS OF HOPE üôèüèΩ

#Paradise special town council meeting held today in #Chico because of #CampFire devastation.‚Ä¶ https://t.co/cUlhiYM7WX"
Thu Nov 29 07:44:35 +0000 2018,0,"['Oroville', 'traffic']",39.64979,-121.5595,0,Camp fire closure in #Oroville on Hwy 70 Both NB/SB between Pentz Rd and CA 89 #traffic https://t.co/c3uk72lAkZ
Wed Nov 28 22:01:28 +0000 2018,0,[],39.71432937,-121.80895102,0,"Pardon me if I speak with a drawl y‚Äôall for this next week, I‚Äôm lerrnin‚Äô dem country tunes to help out victims of t‚Ä¶ https://t.co/BIdMK0qMWY"
Wed Nov 28 19:19:18 +0000 2018,0,"['Oroville', 'traffic']",39.64979,-121.5595,0,Camp fire closure in #Oroville on Hwy 70 Both NB/SB between Pentz Rd and CA 89 #traffic https://t.co/c3uk72lAkZ
Wed Nov 28 18:49:15 +0000 2018,0,"['Thanksgiving', 'giving']",39.73166667,-121.84944444,0,We spent #Thanksgiving #giving! We decided to bypass the normal tradition of cooking at home and jumped in the car‚Ä¶ https://t.co/C8sYppZSZe
Wed Nov 28 15:40:57 +0000 2018,0,"['photo', 'naturephotography', 'instatravel']",39.7617,-121.609,0,"THANKS TO ALL THE FIREFIGHTERS AND FIRST RESPONDERS üôè‚ù§Ô∏èüå≤
.
.
.
.
.
#photo #naturephotography #instatravel‚Ä¶ https://t.co/WMutFb3xxM"
Wed Nov 28 15:39:55 +0000 2018,0,"['photo', 'naturephotography', 'instatravel']",39.7617,-121.609,0,"THANKS TO ALL THE FIREFIGHTERS AND FIRST RESPONDERS üôè‚ù§Ô∏èüå≤
.
.
.
.
.
#photo #naturephotography #instatravel‚Ä¶ https://t.co/3FsDsB16Nh"
Wed Nov 28 15:38:46 +0000 2018,0,"['photo', 'naturephotography', 'instatravel']",39.7617,-121.609,0,"THANKS TO ALL THE FIREFIGHTERS AND FIRST RESPONDERS üôè‚ù§Ô∏èüå≤
.
.
.
.
.
#photo #naturephotography #instatravel‚Ä¶ https://t.co/uUm0gxTyNB"
Wed Nov 28 15:33:35 +0000 2018,0,[],39.7617,-121.609,0,the last picture I took the morning the fire started...you could hear it coming...no time to get anything but your‚Ä¶ https://t.co/knWQFoyyS1
Wed Nov 28 15:23:10 +0000 2018,0,"['Oroville', 'traffic']",39.64979,-121.5595,0,Camp fire closure in #Oroville on Hwy 70 Both NB/SB between Pentz Rd and CA 89 #traffic https://t.co/c3uk72Dbcx
Wed Nov 28 15:21:15 +0000 2018,0,"['photo', 'naturephotography']",39.7617,-121.609,1,"these are some of the last pics taken before the fire üî• ... missing Paradise 
.
.
.
.
.
#photo #naturephotography‚Ä¶ https://t.co/iGaEbYA9eV"
Wed Nov 28 15:16:44 +0000 2018,1,"['photo', 'naturephotography']",39.7617,-121.609,0,"these are some of the last pics taken before the fire üî• ... missing Paradise 
.
.
.
.
.
#photo #naturephotography‚Ä¶ https://t.co/g2sh80s4Bp"
Wed Nov 28 15:14:15 +0000 2018,0,"['photo', 'naturephotography']",39.7617,-121.609,0,"these are some of the last pics taken before the fire üî• ... missing Paradise 
.
.
.
.
.
#photo #naturephotography‚Ä¶ https://t.co/PBTM7ejLJ4"
Wed Nov 28 15:13:16 +0000 2018,0,"['photo', 'naturephotography']",39.7617,-121.609,0,"these are some of the last pics taken before the fire üî• ... missing Paradise 
.
.
.
.
.
#photo #naturephotography‚Ä¶ https://t.co/Wqaf16Jzy3"
Wed Nov 28 15:12:19 +0000 2018,0,"['photo', 'naturephotography']",39.7617,-121.609,0,"these are some of the last pics taken before the fire üî• ... missing Paradise 
.
.
.
.
.
#photo #naturephotography‚Ä¶ https://t.co/CWgeNjKakK"
Wed Nov 28 08:56:43 +0000 2018,0,"['Oroville', 'traffic']",39.64979,-121.5595,0,Camp fire closure in #Oroville on Hwy 70 Both NB/SB between Pentz Rd and CA 89 #traffic https://t.co/c3uk72lAkZ
Wed Nov 28 05:19:15 +0000 2018,1,[],39.73012,-121.84222,0,Today we were blessed to have lunch with Rev. Kay and Rich Miller-Todd. The sister Congregational church they're pa‚Ä¶ https://t.co/cE43wVVmJV
Wed Nov 28 03:03:39 +0000 2018,2,[],39.7263,-121.8358,0,Thank you 18 Greens Apparel for your donation of 500 new polo shirts to the evacuees from the Camp Fire....Many wer‚Ä¶ https://t.co/cQTMq1A7aL
Wed Nov 28 00:56:30 +0000 2018,1,[],39.72877612,-121.80597963,0,"Visiting with Hope and Parker at one of the disaster relief centers in Chico, California,  after the Camp fire in P‚Ä¶ https://t.co/KkLC39yvEE"
Tue Nov 27 20:18:38 +0000 2018,0,"['Oroville', 'traffic']",39.64979,-121.5595,0,Camp fire closure in #Oroville on Hwy 70 Both NB/SB between Pentz Rd and CA 89 #traffic https://t.co/c3uk72lAkZ
Tue Nov 27 19:13:24 +0000 2018,2,['campfire'],39.7263,-121.8358,0,"üíú Grateful Tuesday üíú
.
Today I am grateful that 6 of my peeps survived the #campfire (there was way more than this,‚Ä¶ https://t.co/fZHW0jn0Yw"
Tue Nov 27 18:10:46 +0000 2018,1,['CampFire'],39.7263,-121.8358,0,"The California #CampFire has displaced at least 30 foster youth, with numbers still being counted. At least 11 fost‚Ä¶ https://t.co/qvueXUoxZG"
Tue Nov 27 17:39:42 +0000 2018,0,['CampFire'],39.7263,-121.8358,0,"For this year's unique holiday item, I am making these wood signs, and giving 50% of sales to #CampFire survivors.‚Ä¶ https://t.co/Xhcpg4L06y"
Tue Nov 27 15:05:19 +0000 2018,0,[],39.7617,-121.609,0,AUCTION! Hey friends.  I donated a piece to help out a jeweler from Paradise CA who lost her home and studio in the‚Ä¶ https://t.co/oK0MQLgyeB
Tue Nov 27 14:39:32 +0000 2018,0,"['Oroville', 'traffic']",39.64979,-121.5595,0,Camp fire closure in #Oroville on Hwy 70 Both NB/SB between Pentz Rd and CA 89 #traffic https://t.co/c3uk72Dbcx
Tue Nov 27 07:10:45 +0000 2018,0,"['Oroville', 'traffic']",39.64979,-121.5595,0,Camp fire closure in #Oroville on Hwy 70 Both NB/SB between Pentz Rd and CA 89 #traffic https://t.co/c3uk72lAkZ
Tue Nov 27 06:17:04 +0000 2018,0,['campfire'],39.72651879,-121.83600931,0,"These are birds eye view of my family homes destroyed by the #campfire üíî @ Chico, California Events https://t.co/3SSsyD28T1"
Mon Nov 26 22:30:41 +0000 2018,0,['campfire'],39.7263,-121.8358,0,"If you have a roof be grateful.  #campfire @ Chico, California https://t.co/yUB5u2BGBZ"
Mon Nov 26 20:39:41 +0000 2018,0,"['Wildfires', 'FEMA']",39.7617,-121.609,0,Demobilizing today from the Camp Fire. Americans really come together when disaster strikes. #Wildfires #FEMA‚Ä¶ https://t.co/UdQoTRcIKP
Mon Nov 26 17:43:32 +0000 2018,0,"['Oroville', 'traffic']",39.64979,-121.5595,0,Camp fire closure in #Oroville on Hwy 70 Both NB/SB between Pentz Rd and CA 89 #traffic https://t.co/c3uk72lAkZ
Mon Nov 26 14:45:08 +0000 2018,0,[],39.64,-121.79777778,0,"Please help me raise $10,000 in 24 hours so we can buy back-to-school supplies for the 3,000 Paradise Unified stude‚Ä¶ https://t.co/PsqSFYa3Fi"
Mon Nov 26 05:09:28 +0000 2018,0,"['Oroville', 'traffic']",39.64979,-121.5595,0,Camp fire closure in #Oroville on Hwy 70 Both NB/SB between Pentz Rd and CA 89 #traffic https://t.co/c3uk72lAkZ
Mon Nov 26 04:29:47 +0000 2018,0,['campfire'],39.7263,-121.8358,0,Please share this flyer.  And a heartfelt thank you to all my friends (old and new) who donated to the #campfire vi‚Ä¶ https://t.co/IAFmPYB4Ts
Mon Nov 26 03:59:53 +0000 2018,3,[],39.71432937,-121.80895102,1,"With the help of your outstanding attendance (335 people!) we are donating $1,675 of last night‚Äôs performance to th‚Ä¶ https://t.co/LWK0bENtpt"
Mon Nov 26 03:25:13 +0000 2018,1,[],39.7263,-121.8358,0,"Day 18 Camp Fire Update: 100% contained,  over 14,000 homes destroyed, 153,336 acres burned, 85 lives lost so far.‚Ä¶ https://t.co/yGHykD2UYr"
Mon Nov 26 03:03:26 +0000 2018,0,[],39.7302,-121.84089,1,"This Thursday I‚Äôm at nakedloungechico for an 18+ Silent Disco. 
.
All proceeds go to the victims of the Camp Fire.‚Ä¶ https://t.co/pWggl5pZJn"
Sun Nov 25 20:44:20 +0000 2018,0,['campfire'],39.5087,-121.555,0,"#campfire is out but the tragic depths of what has been lost here is far from recognised @ Oroville, California https://t.co/kIwYWwOq9q"
Sun Nov 25 17:57:53 +0000 2018,3,[],39.76148436,-121.830771,0,I have never felt so honored and grateful to serve within my nursing and human capacity. What an incredible mission‚Ä¶ https://t.co/GF4RSkdikL
Sun Nov 25 16:30:30 +0000 2018,0,"['Oroville', 'traffic']",39.64979,-121.5595,0,Camp fire closure in #Oroville on Hwy 70 Both NB/SB between Pentz Rd and CA 89 #traffic https://t.co/c3uk72lAkZ
Sun Nov 25 06:51:26 +0000 2018,1,[],39.5087,-121.555,1,"Although 95% contained the Camp Fire, CA is getting closer to where we are working @ Oroville, California https://t.co/q5IZC4vf7R"
Sun Nov 25 05:56:08 +0000 2018,1,"['CampFire2018', 'theloveintheairisthickerthanthesmoke', 'ButteStrong']",39.7263,-121.8358,0,Perspective on the Camp Fire. Hard to fathom... #CampFire2018 #theloveintheairisthickerthanthesmoke #ButteStrong @‚Ä¶ https://t.co/YhYDvDOfQ1
Sun Nov 25 05:50:22 +0000 2018,4,[],39.728494,-121.837478,1,"Rapid DNA Testing Used to Identify Camp Fire Victims, Help Families Find¬†Closure https://t.co/PMkbo5lizA"
Sun Nov 25 02:50:44 +0000 2018,0,"['Oroville', 'traffic']",39.64979,-121.5595,0,Camp fire closure in #Oroville on Hwy 70 Both NB/SB between Pentz Rd and CA 89 #traffic https://t.co/c3uk72lAkZ
Sun Nov 25 02:01:17 +0000 2018,2,"['CampFire', 'ButteCounty']",39.74820053,-121.56521659,0,"#CampFire üî• unofficial update: 153,336 Acres. 98% Contained*.
#ButteCounty @CALFIRE_ButteCo; At Yankee Hill, CA. ~7‚Ä¶ https://t.co/JlogLyM4ju"
Sun Nov 25 01:20:21 +0000 2018,3,[],39.7617,-121.609,1,"There is no one image, no single story that could encapsulate all we saw in Paradise, CA. @jmichaelsnews‚Ä¶ https://t.co/x6c2E3JDOd"
Sun Nov 25 00:43:08 +0000 2018,11,"['campfire', 'sacrafice', 'army', 'airforce', 'navy']",39.5087,-121.555,1,Saluting our military that are serving at the #campfire and around the world. #sacrafice #army #airforce #navy‚Ä¶ https://t.co/BBMd8IiAeA
Sat Nov 24 12:58:41 +0000 2018,0,"['Oroville', 'traffic']",39.64979,-121.5595,0,Camp fire closure in #Oroville on Hwy 70 Both NB/SB between Pentz Rd and CA 89 #traffic https://t.co/c3uk72lAkZ
Sat Nov 24 03:30:34 +0000 2018,0,[],39.76448,-121.81448,0,"So far in my Pink Friday Sale my customers have saved over $200, so I get to donate over $300 in product to Camp Fi‚Ä¶ https://t.co/Fr45A8rRHX"
Sat Nov 24 02:26:43 +0000 2018,3,[],39.71488,-121.82003,0,Lauren and the WCK volunteers send out 15 trays of special Vegan dinner requested by various shelters for those eff‚Ä¶ https://t.co/nCp0Y5dKDE
Sat Nov 24 02:24:28 +0000 2018,1,[],39.71488,-121.82003,0,Lauren and the WCK volunteers send out 15 trays of special Vegan dinner requested by various shelters for those eff‚Ä¶ https://t.co/ImgU0uOiR1
Sat Nov 24 01:34:33 +0000 2018,1,"['Oroville', 'traffic']",39.64979,-121.5595,1,Camp fire closure in #Oroville on Hwy 70 Both NB/SB between Pentz Rd and CA 89 #traffic https://t.co/c3uk72Dbcx
Fri Nov 23 23:47:07 +0000 2018,1,[],39.72978,-121.84162,0,"Thanks to @iloveomfoods
„Éª„Éª„Éª
Saturday Nov 24 at OM FOODS - 200 free meals to all the survivors from the Camp Fire!!‚Ä¶ https://t.co/7rJVVsPUKE"
Fri Nov 23 23:15:43 +0000 2018,0,"['Oroville', 'traffic']",39.64979,-121.5595,0,Camp fire closure in #Oroville on Hwy 70 Both NB/SB between Pentz Rd and CA 89 #traffic https://t.co/c3uk72lAkZ
Fri Nov 23 21:33:19 +0000 2018,1,[],39.759606,-121.621918,1,Rain Hinders Search But Helps Nearly Put Out Camp¬†Fire https://t.co/IYVZqwNEtV
Fri Nov 23 16:36:14 +0000 2018,0,['CampFire'],39.7617,-121.609,0,"calfire reporting #CampFire 95% contained, 153,336 acres burned, and 18,733 structures (all types) destroyed. Condi‚Ä¶ https://t.co/RxGKm1Htzw"
Fri Nov 23 16:30:55 +0000 2018,0,[],39.7617,-121.609,0,"My mom lost everything in the Paradise Camp Fire @ Paradise, California https://t.co/rf5OxACrFq"
Fri Nov 23 15:26:42 +0000 2018,4,[],39.7617,-121.609,4,I think it‚Äôs important the public understands just how special Paradise California was before the fire. Sometimes i‚Ä¶ https://t.co/Y193KyXzm7
Fri Nov 23 11:11:41 +0000 2018,0,"['Oroville', 'traffic']",39.64979,-121.5595,0,Camp fire closure in #Oroville on Hwy 70 Both NB/SB between Pentz Rd and CA 89 #traffic https://t.co/c3uk72lAkZ
Fri Nov 23 09:37:32 +0000 2018,2,[],39.7617,-121.609,0,This is wonderful to see...Simms helping out fire victims with warm clothes. thanks for the inspiring message! @ Pa‚Ä¶ https://t.co/0O3growYhX
Fri Nov 23 03:30:49 +0000 2018,2,[],39.7263,-121.8358,0,"Serving Thanksgiving dinner to over 200 survivors, mostly elderly, and dozens of volunteers -  sheltered here in th‚Ä¶ https://t.co/mWFHGo4bn5"
Fri Nov 23 03:18:20 +0000 2018,1,[],39.79899,-121.85471,0,Thanksgiving dinner [lunch] at the emergency small animal shelter where the Campfire fire rescued unclaimed/stray d‚Ä¶ https://t.co/ffeNioW2hK
Fri Nov 23 02:01:54 +0000 2018,0,"['CampFire', 'ButteCounty']",39.74820053,-121.56521659,0,"#CampFire üî• unofficial update: 153,336 Acres. 95% Contained*.
#ButteCounty @CALFIRE_ButteCo; At Yankee Hill, CA. ~7‚Ä¶ https://t.co/RpLiLoduqK"
Fri Nov 23 01:45:30 +0000 2018,7,['campfire'],39.71665991,-121.81196219,1,Feeding 1500 of our finest! #campfire calfire @USFoods @billcoxphoto @ Silver Dollar Fair https://t.co/DKjXGNlfDF
Fri Nov 23 00:30:07 +0000 2018,0,[],39.76,-121.86,0,"""Hey. Are all the arrangements made? I think Jayden could probably help. See you soon."" https://t.co/4A4c1OCe0f"
Thu Nov 22 22:52:13 +0000 2018,1,['CampFire'],39.7263,-121.8358,1,"This weekend my husband and his snopud line crew head to Chico, California to join the #CampFire relief efforts.  T‚Ä¶ https://t.co/TEwIx02GTt"
Thu Nov 22 22:43:28 +0000 2018,0,"['Oroville', 'traffic']",39.64979,-121.5595,0,Camp fire closure in #Oroville on Hwy 70 Both NB/SB between Pentz Rd and CA 89 #traffic https://t.co/c3uk72lAkZ
Thu Nov 22 21:28:39 +0000 2018,13,[],39.51877998,-121.567266,1,"As many of us settle in for a family meal, at @montecitofire we reflect on the last year and are Thankful for count‚Ä¶ https://t.co/5dCqMZmLqz"
Thu Nov 22 17:28:26 +0000 2018,0,[],39.7617,-121.609,0,"one of my favorite running üèÉ hills in my Paradise neighborhood 
Paradise Lake ‚ÄúParadise Lost‚Äù...we will never be ab‚Ä¶ https://t.co/9Th5iNHX6d"
Thu Nov 22 17:25:10 +0000 2018,0,[],39.7617,-121.609,0,"one of my favorite running üèÉ hills in my Paradise neighborhood 
Paradise Lake ‚ÄúParadise Lost‚Äù...we will never be ab‚Ä¶ https://t.co/2gFdijuVSb"
Thu Nov 22 17:20:42 +0000 2018,0,[],39.7617,-121.609,0,"one of my favorite running üèÉ hills in my Paradise neighborhood 
Paradise Lake ‚ÄúParadise Lost‚Äù...we will never be ab‚Ä¶ https://t.co/7e3At6yaFA"
Thu Nov 22 17:13:45 +0000 2018,4,['campfire'],39.7617,-121.609,3,"A VERY POWERFUL MESSAGE from a survivor from the #campfire in Paradise California. As she thought she was dying, sh‚Ä¶ https://t.co/ZMC9KByB8s"
Thu Nov 22 15:15:49 +0000 2018,0,[],39.7617,-121.609,0,"one of my favorite running üèÉ hills in my Paradise neighborhood 
Paradise Lake ‚ÄúParadise Lost‚Äù...we will never be ab‚Ä¶ https://t.co/bWZNXNzFcX"
Thu Nov 22 15:13:35 +0000 2018,0,[],39.7617,-121.609,0,"Paradise Lake trail üö¥‚Äç‚ôÇÔ∏èüèÉüå≤
Paradise Lake ‚ÄúParadise Lost‚Äù...we will never be able to replace what we had....and
we w‚Ä¶ https://t.co/tOi8yFnxbg"
Thu Nov 22 15:09:58 +0000 2018,0,[],39.826,-121.603,0,"one of my favorite places...
Paradise Lake ‚ÄúParadise Lost‚Äù...we will never be able to replace what we had....and
we‚Ä¶ https://t.co/HwsulomY7w"
Thu Nov 22 15:05:57 +0000 2018,0,[],39.826,-121.603,0,"Paradise Lake running üèÉ trails 
Paradise Lake ‚ÄúParadise Lost‚Äù...we will never be able to replace what we had....and‚Ä¶ https://t.co/xAW2dRXUi1"
Thu Nov 22 15:03:42 +0000 2018,0,[],39.7617,-121.609,0,"Radar misses Paradise 
Paradise Lake ‚ÄúParadise Lost‚Äù...we will never be able to replace what we had....and
we will‚Ä¶ https://t.co/xGMm7TwS2r"
Thu Nov 22 15:02:07 +0000 2018,0,[],39.7617,-121.609,0,"Bille Park in Paradise among the Redwooo
Paradise Lake ‚ÄúParadise Lost‚Äù...we will never be able to replace what we h‚Ä¶ https://t.co/TAKsVCvJk8"
Thu Nov 22 14:58:10 +0000 2018,0,[],39.7617,-121.609,0,"Backyard peaches üçë 
Paradise Lake ‚ÄúParadise Lost‚Äù...we will never be able to replace what we had....and
we will nev‚Ä¶ https://t.co/t2HLc7OOAW"
Thu Nov 22 14:56:45 +0000 2018,0,[],39.7617,-121.609,0,"Happy Thanksgiving from our pack
Paradise Lake ‚ÄúParadise Lost‚Äù...we will never be able to replace what we had....an‚Ä¶ https://t.co/wFvyidK4wx"
Thu Nov 22 14:32:22 +0000 2018,2,"['CampFire', 'ButteCounty']",39.74820053,-121.56521659,1,"#CampFire üî• unofficial update: 153,336 Acres. 90% Contained*.
#ButteCounty @CALFIRE_ButteCo; At Yankee Hill, CA. ~7‚Ä¶ https://t.co/hQQJcK0343"
Thu Nov 22 10:33:48 +0000 2018,0,"['Oroville', 'traffic']",39.64979,-121.5595,0,Camp fire closure in #Oroville on Hwy 70 Both NB/SB between Pentz Rd and CA 89 #traffic https://t.co/c3uk72lAkZ
Thu Nov 22 05:47:19 +0000 2018,0,[],39.7617,-121.609,0,"‚ÄúParadise Lost‚Äù...we will never be able to replace what we had....and
we will never forget what the fire took away.‚Ä¶ https://t.co/PVoDDNIDHR"
Thu Nov 22 05:15:34 +0000 2018,3,"['campfire', 'thankful']",39.7263,-121.8358,0,After two exhausting weeks of #campfire happy to say the fires are 85% contained thanks to the rainüåßÔ∏è‚òî #thankful‚Ä¶ https://t.co/AH4ZqvqbPP
Thu Nov 22 05:09:18 +0000 2018,0,[],39.7617,-121.609,0,"‚ÄúParadise Lost‚Äù...we will never be able to replace what we had....and
we will never forget what the fire took away.‚Ä¶ https://t.co/HZxjbkOFaT"
Thu Nov 22 05:06:33 +0000 2018,0,[],39.7617,-121.609,0,"‚ÄúParadise Lost‚Äù...we will never be able to replace what we had....and
we will never forget what the fire took away.‚Ä¶ https://t.co/tvx6Hg98UF"
Thu Nov 22 05:02:30 +0000 2018,0,[],39.7617,-121.609,0,"‚ÄúParadise Lost‚Äù...we will never be able to replace what we had....and
we will never forget what the fire took away.‚Ä¶ https://t.co/JGkP2UxjBP"
Thu Nov 22 05:01:27 +0000 2018,0,[],39.7617,-121.609,0,"‚ÄúParadise Lost‚Äù...we will never be able to replace what we had....and
we will never forget what the fire took away.‚Ä¶ https://t.co/VX4AW7qnVh"
Thu Nov 22 04:59:08 +0000 2018,0,[],39.7617,-121.609,0,"‚ÄúParadise Lost‚Äù...we will never be able to replace what we had....and
we will never forget what the fire took away.‚Ä¶ https://t.co/vm5Zm5D0N1"
Thu Nov 22 04:57:12 +0000 2018,0,[],39.7617,-121.609,0,"‚ÄúParadise Lost‚Äù...we will never be able to replace what we had....and
we will never forget what the fire took away.‚Ä¶ https://t.co/LdLZp2JyNm"
Thu Nov 22 03:40:18 +0000 2018,2,"['donate', 'volunteer', 'support']",39.51877998,-121.567266,0,Huge THANK YOU  to all who #donate #volunteer or #support us @houndsandheroes aside from the programs and help that‚Ä¶ https://t.co/LnqAvZMycH
Thu Nov 22 03:20:08 +0000 2018,0,[],39.7263,-121.8358,0,Shaila worked nonstop to help organize. Jamie help to unload the trucks. I walked around asking people what they ne‚Ä¶ https://t.co/pD3dfkCkKR
Thu Nov 22 03:04:36 +0000 2018,3,[],39.72877612,-121.80597963,0,End of four 13 hour rewarding days providing food and comfort to thousands of Camp Fire survivors at the FEMA headq‚Ä¶ https://t.co/krly3GWsw1
Thu Nov 22 02:01:21 +0000 2018,1,"['CampFire', 'ButteCounty']",39.74820053,-121.56521659,1,"#CampFire üî• unofficial update: 153,336 Acres. 85% Contained*.
#ButteCounty @CALFIRE_ButteCo; At Yankee Hill, CA. ~7‚Ä¶ https://t.co/tERIpQxnhQ"
Wed Nov 21 23:00:20 +0000 2018,5,"['campfire', 'buttecounty']",39.7263,-121.8358,0,We‚Äôre so thankful for Team Reuben who have worked nonstop comforting those impacted by the #campfire. #buttecounty‚Ä¶ https://t.co/V8JPyxGkVw
Wed Nov 21 22:48:09 +0000 2018,0,[],39.7263,-121.8358,0,Gratitude. Rain today in Northern California. After a busy couple weeks in the burning hills it looks like Landon a‚Ä¶ https://t.co/z6Vq4qoA7v
Wed Nov 21 22:22:50 +0000 2018,0,[],39.7617,-121.609,0,V√≠a  @abc BEFORE AND AFTER: Startling satellite images show devastating impact of Northern California's Camp Fire.‚Ä¶ https://t.co/ZiqcMqO83P
Wed Nov 21 22:18:30 +0000 2018,0,[],39.7263,-121.8358,0,"Drive hwy 32 through butte meadows during camp üî• fire evacuation to East Ave Church shelter @ Chico, California https://t.co/dp1SH97Kkr"
Wed Nov 21 21:49:23 +0000 2018,0,"['Oroville', 'traffic']",39.64979,-121.5595,0,Camp fire closure in #Oroville on Hwy 70 Both NB/SB between Pentz Rd and CA 89 #traffic https://t.co/c3uk72lAkZ
Wed Nov 21 21:06:13 +0000 2018,0,"['Repost', 'Thanksgivingator']",39.71665991,-121.81196219,0,"#Repost jenniferfearing
„Éª„Éª„Éª
Thank you to the #Thanksgivingator schwarzenegger for lifting the spirits of so many‚Ä¶ https://t.co/MeIucMqnkD"
Wed Nov 21 20:41:51 +0000 2018,1,[],39.79899,-121.85471,0,A beautiful rainy day at the Campfire fire emergency small animal shelter...watch to see why. @ Chico Municipal Air‚Ä¶ https://t.co/GyYSYGZvxm
Wed Nov 21 19:57:19 +0000 2018,1,"['campfire', 'firerefugee', 'donate', 'fundraising', 'escort', 'companion']",39.7263,-121.8358,0,This is what's left of my family's homes üíîüèöÔ∏èüî• #campfire #firerefugee #donate #fundraising #escort #companion Dm me‚Ä¶ https://t.co/uJy697y7FY
Wed Nov 21 19:55:14 +0000 2018,0,['campfire'],39.7617,-121.609,0,"The rain has started in Paradise, CA. That‚Äôs good news and bad news #campfire @weatherchannel @ Paradise, California https://t.co/ape6VrNO0c"
Wed Nov 21 19:49:57 +0000 2018,2,[],39.5087,-121.555,0,It‚Äôs raining in Paradise! Good news for fires but making it tough for displaced families from the fires. We will be‚Ä¶ https://t.co/LDHieBDXcH
Wed Nov 21 18:59:01 +0000 2018,0,"['flameandstone', 'pulga', 'pulgajade', 'california', 'californiafires']",39.8025028,-121.44799948,0,"Thinking of Pulga today. And all of California. 

#flameandstone #pulga #pulgajade #california #californiafires‚Ä¶ https://t.co/0tLhl8VW77"
Wed Nov 21 17:38:36 +0000 2018,1,[],39.71488,-121.82003,0,Dish duty at World Central Kitchen. Amazing organization feeding 1000‚Äôs of people here in Northern California displ‚Ä¶ https://t.co/UlDbE9zA08
Wed Nov 21 16:52:23 +0000 2018,14,[],39.759606,-121.621918,2,Chico Native Aaron Rodgers to donate $1 Million to Camp Fire¬†Victims https://t.co/pqCS2G2Gc6
Wed Nov 21 14:01:55 +0000 2018,0,"['CampFire', 'ButteCounty']",39.74820053,-121.56521659,0,"#CampFire üî• unofficial update: 153,336 Acres. 80% Contained*.
#ButteCounty @CALFIRE_ButteCo; At Yankee Hill, CA. ~7‚Ä¶ https://t.co/d164QUQXrd"
Wed Nov 21 09:14:13 +0000 2018,0,"['Oroville', 'traffic']",39.64979,-121.5595,0,Camp fire closure in #Oroville on Hwy 70 Both NB/SB between Pentz Rd and CA 89 #traffic https://t.co/c3uk72lAkZ
Wed Nov 21 06:16:31 +0000 2018,0,[],39.7617,-121.609,0,"Gwennie is still in shock...she misses her backyard 
‚ÄúParadise Lost‚Äù...we will never be able to replace what we had‚Ä¶ https://t.co/p8SE1mYFf5"
Wed Nov 21 06:00:36 +0000 2018,0,[],39.7617,-121.609,0,"‚ÄúParadise Lost‚Äù...we will never be able to replace what we had....and
we will never forget what the fire took away.‚Ä¶ https://t.co/EeN4yRx2C4"
Wed Nov 21 05:58:11 +0000 2018,0,[],39.7617,-121.609,0,"‚ÄúParadise Lost‚Äù...we will never be able to replace what we had....and
we will never forget what the fire took away.‚Ä¶ https://t.co/nFnkjYlyYw"
Wed Nov 21 05:56:01 +0000 2018,0,[],39.7617,-121.609,0,"‚ÄúParadise Lost‚Äù...we will never be able to replace what we had....and
we will never forget what the fire took away.‚Ä¶ https://t.co/8HHAZ70nIn"
Wed Nov 21 05:52:43 +0000 2018,0,[],39.7617,-121.609,0,"‚ÄúParadise Lost‚Äù...we will never be able to replace what we had....and
we will never forget what the fire took away.‚Ä¶ https://t.co/00ndfcOGd2"
Wed Nov 21 05:51:57 +0000 2018,0,[],39.7617,-121.609,0,"‚ÄúParadise Lost‚Äù...we will never be able to replace what we had....and
we will never forget what the fire took away.‚Ä¶ https://t.co/9TWSlKeKyj"
Wed Nov 21 05:50:58 +0000 2018,0,[],39.7617,-121.609,0,"‚ÄúParadise Lost‚Äù...we will never be able to replace what we had....and
we will never forget what the fire took away.‚Ä¶ https://t.co/mwBUKx5Sz6"
Wed Nov 21 03:08:22 +0000 2018,2,[],39.7617,-121.609,0,"As many of you have seen and donated to our efforts to help the community of Paradise, we now have a new focus. We‚Ä¶ https://t.co/6xXuM9kyyj"
Wed Nov 21 02:41:39 +0000 2018,1,"['campfire', 'devastation', 'california']",39.7617,-121.609,0,Reporting among the ruins. #campfire #devastation #california @cbssacramento Pic courtesy @j2bphotography @ Paradis‚Ä¶ https://t.co/MlyUuLZARs
Wed Nov 21 02:31:32 +0000 2018,0,"['CampFire', 'ButteCounty']",39.74820053,-121.56521659,0,"#CampFire üî• unofficial update: 152,250 Acres. 75% Contained*.
#ButteCounty @CALFIRE_ButteCo; At Yankee Hill, CA. ~7‚Ä¶ https://t.co/v14JmnALaR"
Wed Nov 21 02:21:49 +0000 2018,0,[],39.72906,-121.84106,0,"‚ú®NEW ARRIVAL‚ú®
Fall in love with the unique lace pattern on this fit and flare gown. Trim blocking lace treatment on‚Ä¶ https://t.co/39fDklNr5O"
Wed Nov 21 01:32:36 +0000 2018,0,[],39.465025,-121.5182476,0,Not all heroes wear capes! So thankful for this father &amp; son duo from Paradise RV who also lost their home to the C‚Ä¶ https://t.co/KxbhlYKYqc
Tue Nov 20 23:28:54 +0000 2018,0,[],39.7263,-121.8358,0,"‚ÄúFrom the ashes, a fire shall be woken, A light from the shadows shall spring‚Ä¶‚Äù ‚Äî J.R.R. Tolkien

Wayne and i drove‚Ä¶ https://t.co/wJBkRfhbFK"
Tue Nov 20 23:09:03 +0000 2018,0,[],39.79083,-121.84279,0,Had a very rewarding day yesterday in Chico with my co-workers supporting fire victims. In addition to our staff un‚Ä¶ https://t.co/HTe1kvmOh9
Tue Nov 20 22:30:18 +0000 2018,1,['CampFire'],39.7263,-121.8358,0,"Shout out to calfire for working day and night on all of the fires in California right now. 
‚Ä¢
The #CampFire in Nor‚Ä¶ https://t.co/0nmiiiMK13"
Tue Nov 20 22:15:13 +0000 2018,79,[],39.7263,-121.8358,2,Heartbreak for miles in Chico. Grateful to so many of the first responders &amp; firefighters who helped this community‚Ä¶ https://t.co/LDQn0bQnN4
Tue Nov 20 20:51:21 +0000 2018,0,"['Oroville', 'traffic']",39.64979,-121.5595,0,Camp fire closure in #Oroville on Hwy 70 Both NB/SB between Pentz Rd and CA 89 #traffic https://t.co/c3uk72lAkZ
Tue Nov 20 17:30:39 +0000 2018,0,['campfire'],39.7617,-121.609,2,Extremely rare video from helicopter of the entire #campfire burn site. Thank you to calfire for showing us the sev‚Ä¶ https://t.co/JaZbtpJ61r
Tue Nov 20 17:27:04 +0000 2018,2,['campfire'],39.7617,-121.609,0,Extremely rare video from helicopter of the entire #campfire burn site. Thank you to calfire for showing us the sev‚Ä¶ https://t.co/hPCj35PkEZ
Tue Nov 20 16:25:16 +0000 2018,0,[],39.7617,-121.609,0,"‚ÄúParadise Lost‚Äù...we will never be able to replace what we had....and
we will never forget what the fire took away.‚Ä¶ https://t.co/hV2N9WocFG"
Tue Nov 20 16:17:48 +0000 2018,0,[],39.826,-121.603,0,"‚ÄúParadise Lost‚Äù...we will never be able to replace what we had....and
we will never forget what the fire took away.‚Ä¶ https://t.co/256KRDVixx"
Tue Nov 20 16:17:16 +0000 2018,0,[],39.7617,-121.609,0,"‚ÄúParadise Lost‚Äù...we will never be able to replace what we had....and
we will never forget what the fire took away.‚Ä¶ https://t.co/Gcg1n5r6Ej"
Tue Nov 20 15:33:51 +0000 2018,0,[],39.7617,-121.609,0,"‚ÄúParadise Lost‚Äù...we will never be able to replace what we had....and
we will never forget what the fire took away.‚Ä¶ https://t.co/zj1qNMb8P9"
Tue Nov 20 15:31:47 +0000 2018,0,[],39.7617,-121.609,0,"‚ÄúParadise Lost‚Äù...we will never be able to replace what we had....and
we will never forget what the fire took away.‚Ä¶ https://t.co/tl4zNJwGlw"
Tue Nov 20 15:28:03 +0000 2018,0,[],39.7617,-121.609,0,"‚ÄúParadise Lost‚Äù...we will never be able to replace what we had....and
we will never forget what the fire took away.‚Ä¶ https://t.co/Syhs4ExqAD"
Tue Nov 20 15:25:37 +0000 2018,0,[],39.7617,-121.609,0,"‚ÄúParadise Lost‚Äù...we will never be able to replace what we had....and
we will never forget what the fire took away.‚Ä¶ https://t.co/3pnWp4l39g"
Tue Nov 20 15:23:45 +0000 2018,0,[],39.7617,-121.609,0,"‚ÄúParadise Lost‚Äù...we will never be able to replace what we had....and
we will never forget what the fire took away.‚Ä¶ https://t.co/Go8oKrUEPr"
Tue Nov 20 15:21:41 +0000 2018,0,[],39.7263,-121.8358,0,"‚ÄúParadise Lost‚Äù...we will never be able to replace what we had....and
we will never forget what the fire took away.‚Ä¶ https://t.co/7yD67DjRW3"
Tue Nov 20 15:20:27 +0000 2018,0,[],39.7617,-121.609,0,"‚ÄúParadise Lost‚Äù...we will never be able to replace what we had....and
we will never forget what the fire took away.‚Ä¶ https://t.co/gKATckvji4"
Tue Nov 20 15:19:58 +0000 2018,0,[],39.7617,-121.609,0,"‚ÄúParadise Lost‚Äù...we will never be able to replace what we had....and
we will never forget what the fire took away.‚Ä¶ https://t.co/mGQDHGuof0"
Tue Nov 20 14:45:16 +0000 2018,2,[],39.76147,-121.82359,0,Volunteering at the Salvation Army along side so many fantastic people yesterday to help wildfire victims.‚Ä¶ https://t.co/aG95wPSzYN
Tue Nov 20 14:03:42 +0000 2018,0,"['CampFire', 'ButteCounty']",39.74820053,-121.56521659,0,"#CampFire üî• unofficial update: 151,373 Acres. 70% Contained*.
#ButteCounty @CALFIRE_ButteCo; At Yankee Hill, CA. ~7‚Ä¶ https://t.co/tvFeAHUiIE"
Tue Nov 20 11:56:16 +0000 2018,0,"['Oroville', 'traffic']",39.64979,-121.5595,0,Camp fire closure in #Oroville on Hwy 70 Both NB/SB between Pentz Rd and CA 89 #traffic https://t.co/c3uk72Dbcx
Tue Nov 20 09:02:40 +0000 2018,1,[],39.826,-121.603,0,"Little Spec, I am sorry that you had to endure the Camp Fire alone &amp; scared. I can only imagine how you must've fel‚Ä¶ https://t.co/Z9XSL99zBq"
Tue Nov 20 08:41:41 +0000 2018,0,"['Oroville', 'traffic']",39.64979,-121.5595,0,Camp fire closure in #Oroville on Hwy 70 Both NB/SB between Pentz Rd and CA 89 #traffic https://t.co/c3uk72lAkZ
Tue Nov 20 03:48:40 +0000 2018,1,"['paradise', 'paradiseca', 'paradisecalifornia', 'campfire', 'survivor', 'ilovecalifornia', 'californiafires']",39.7617,-121.609,0,‚ù§Ô∏è no words #paradise #paradiseca #paradisecalifornia #campfire #survivor #ilovecalifornia #californiafires‚Ä¶ https://t.co/ErMMPIzfQW
Tue Nov 20 03:07:42 +0000 2018,5,[],39.723313,-121.80493564,7,"Chico has tried to clear the Walmart parking lot of evacuees before the rain comes, but many haven‚Äôt left. Pictures‚Ä¶ https://t.co/5DmCOMuvJy"
Tue Nov 20 03:05:16 +0000 2018,8,['campfire'],39.7263,-121.8358,0,With all the hardship from the #campfire we find selfless people who have lost everything but are giving to others.‚Ä¶ https://t.co/bfjAVuK3G0
Tue Nov 20 02:16:50 +0000 2018,0,[],39.7617,-121.609,0,"‚ÄúParadise Lost‚Äù...we will never be able to replace what we had....and
we will never forget what the fire took away.‚Ä¶ https://t.co/PaLZ0qhCKQ"
Tue Nov 20 02:16:43 +0000 2018,1,[],39.7617,-121.609,0,A week ago I went to photograph the wildfire in Butte County. This was an experience that I will never be able to f‚Ä¶ https://t.co/5BDOqXrw9R
Tue Nov 20 02:16:22 +0000 2018,0,[],39.7617,-121.609,0,"‚ÄúParadise Lost‚Äù...we will never be able to replace what we had....and
we will never forget what the fire took away.‚Ä¶ https://t.co/drkUGWGeyc"
Tue Nov 20 02:14:09 +0000 2018,0,[],39.7617,-121.609,0,"‚ÄúParadise Lost‚Äù...we will never be able to replace what we had....and
we will never forget what the fire took away.‚Ä¶ https://t.co/9QcX3ClQiz"
Tue Nov 20 02:13:23 +0000 2018,0,[],39.7617,-121.609,0,"‚ÄúParadise Lost‚Äù...we will never be able to replace what we had....and
we will never forget what the fire took away.‚Ä¶ https://t.co/KlNDwhoFvv"
Tue Nov 20 02:12:21 +0000 2018,0,[],39.7617,-121.609,0,"‚ÄúParadise Lost‚Äù...we will never be able to replace what we had....and
we will never forget what the fire took away.‚Ä¶ https://t.co/JeR00SNSRH"
Tue Nov 20 02:01:19 +0000 2018,1,"['CampFire', 'ButteCounty']",39.74820053,-121.56521659,0,"#CampFire üî• unofficial update: 151,272 Acres. 70% Contained*.
@CALFIRE_ButteCo #ButteCounty; At Yankee Hill, CA. ~7‚Ä¶ https://t.co/Dsyge81JfW"
Tue Nov 20 01:36:02 +0000 2018,20,[],39.51877998,-121.567266,5,Been working on this non stop so happy it came together. Thankful to my team! I will be on the ground there to help‚Ä¶ https://t.co/xLFz2cuGen
Mon Nov 19 22:45:24 +0000 2018,2,['campfire'],39.7263,-121.8358,2,"Today we dropped a trailer full of much needed donations for the #campfire victims.  We want to thank our members,‚Ä¶ https://t.co/VCtZJo0zgr"
Mon Nov 19 22:09:50 +0000 2018,0,['CampFire'],39.7617,-121.609,0,"calfire reporting #CampFire 66% contained, 151,000 acres burned. Structures destroyed: 11,713 residences, 472 comme‚Ä¶ https://t.co/yAtEYlfTEj"
Mon Nov 19 20:06:00 +0000 2018,0,"['campfire', 'paradise', 'chico']",39.7263,-121.8358,0,"Took this a few days back. Highway 99 headed into Chico, California. #campfire #paradise #chico @ Chico, California https://t.co/5gEne83ePK"
Mon Nov 19 20:06:00 +0000 2018,0,"['campfire', 'paradise', 'chico']",39.7263,-121.8358,0,"Took this a few days back. Highway 99 headed into Chico, California. #campfire #paradise #chico @ Chico, California https://t.co/5gEne83ePK"
Mon Nov 19 20:00:46 +0000 2018,0,['firstresponders'],39.7617,-121.609,0,"Going offline for some much needed respite with my #firstresponders family. Much to be thankful for, much to be gra‚Ä¶ https://t.co/zbGcH4ULcj"
Mon Nov 19 19:30:52 +0000 2018,0,"['Oroville', 'traffic']",39.64979,-121.5595,0,Camp fire closure in #Oroville on Hwy 70 Both NB/SB between Pentz Rd and CA 89 #traffic https://t.co/c3uk72lAkZ
Mon Nov 19 18:43:22 +0000 2018,0,['campfire'],39.7263,-121.8358,0,"The first time seeing blue back in the sky since the #campfire happened @ Chico, California https://t.co/MwyQGd6v9b"
Mon Nov 19 17:06:24 +0000 2018,0,"['campfire', 'buttestrong', 'studiompilatesandhealing']",39.74824,-121.84329,0,Give Grace #campfire #buttestrong #studiompilatesandhealing @ Studio M Pilates and Healing https://t.co/hN1tmoQJMH
Mon Nov 19 17:05:57 +0000 2018,0,"['Oroville', 'traffic']",39.64979,-121.5595,0,Camp fire closure in #Oroville on Hwy 70 Both NB/SB between Pentz Rd and CA 89 #traffic https://t.co/c3uk72Dbcx
Mon Nov 19 16:08:16 +0000 2018,0,[],39.7617,-121.609,0,"riding the trails through Paradise 
‚ÄúParadise Lost‚Äù...we will never be able to replace what we had....and
we will n‚Ä¶ https://t.co/5YkfkU0ykR"
Mon Nov 19 16:06:28 +0000 2018,0,[],39.7617,-121.609,0,"‚ÄúParadise Lost‚Äù...we will never be able to replace what we had....and
we will never forget what the fire took away.‚Ä¶ https://t.co/gXrA2O6SsG"
Mon Nov 19 16:04:02 +0000 2018,0,[],39.7617,-121.609,0,"‚ÄúParadise Lost‚Äù...we will never be able to replace what we had....and
we will never forget what the fire took away.‚Ä¶ https://t.co/qiGWNGWPdm"
Mon Nov 19 15:55:26 +0000 2018,0,[],39.7617,-121.609,0,"Backyard garden beauties 
‚ÄúParadise Lost‚Äù...we will never be able to replace what we had....and
we will never forge‚Ä¶ https://t.co/SunFv700lQ"
Mon Nov 19 15:54:25 +0000 2018,0,[],39.7617,-121.609,0,"Backyard rose garden 
‚ÄúParadise Lost‚Äù...we will never be able to replace what we had....and
we will never forget wh‚Ä¶ https://t.co/DBSG5BWZJA"
Mon Nov 19 15:53:19 +0000 2018,0,[],39.7617,-121.609,0,"Backyard garden 
‚ÄúParadise Lost‚Äù...we will never be able to replace what we had....and
we will never forget what th‚Ä¶ https://t.co/pwVORB9Dls"
Mon Nov 19 15:51:56 +0000 2018,0,[],39.826,-121.603,0,"Paradise Lake and my favorite mtb bike 
‚ÄúParadise Lost‚Äù...we will never be able to replace what we had....and
we wi‚Ä¶ https://t.co/MTR5on8Ys4"
Mon Nov 19 15:49:47 +0000 2018,0,[],39.7617,-121.609,0,"Gwennie photo bomber in the backyard ‚ÄúParadise Lost‚Äù...we will never be able to replace what we had....and
we will‚Ä¶ https://t.co/ElcYCpcbiB"
Mon Nov 19 15:48:27 +0000 2018,0,[],39.7617,-121.609,0,"The ice cream truck would come down our street in Paradise very often 
‚ÄúParadise Lost‚Äù...we will never be able to r‚Ä¶ https://t.co/XSd5RDEBGI"
Mon Nov 19 15:44:26 +0000 2018,0,[],39.7617,-121.609,0,"The view from Lookout Point ‚ÄúParadise Lost‚Äù...we will never be able to replace what we had....and
we will never for‚Ä¶ https://t.co/rRPtGKr6Kn"
Mon Nov 19 15:42:50 +0000 2018,0,[],39.7617,-121.609,0,"‚ÄúParadise Lost‚Äù...we will never be able to replace what we had....and
we will never forget what the fire took away.‚Ä¶ https://t.co/9MCrSVlgnO"
Mon Nov 19 15:41:37 +0000 2018,0,[],39.7617,-121.609,0,"Honey Run Bridge...completely destroyed ‚ÄúParadise Lost‚Äù...we will never be able to replace what we had....and
we wi‚Ä¶ https://t.co/iain1vIdt6"
Mon Nov 19 14:44:34 +0000 2018,4,[],39.4887,-121.538,0,"Mission Accomplished! (See last post) Again, thanks to @r_sfoundation for remaining vigilant and thinking of us to‚Ä¶ https://t.co/ollRLVxViV"
Mon Nov 19 14:31:09 +0000 2018,1,"['CampFire', 'ButteCounty']",39.74820053,-121.56521659,1,"#CampFire üî• unofficial update: 151,000 Acres. 66% Contained*.
@CALFIRE_ButteCo #ButteCounty; At Yankee Hill, CA. ~7‚Ä¶ https://t.co/gnG8WKld6J"
Mon Nov 19 14:01:52 +0000 2018,0,"['CampFire', 'ButteCounty']",39.74820053,-121.56521659,0,"#CampFire üî• unofficial update: 151,000 Acres. 65% Contained*.
@CALFIRE_ButteCo #ButteCounty; At Yankee Hill, CA. ~7‚Ä¶ https://t.co/sg2leRwdDE"
Mon Nov 19 08:20:55 +0000 2018,5,[],39.7263,-121.8358,0,Forgot to thank Miller Coors for sending out some water. First time in along time that I cracked open a Coors for a‚Ä¶ https://t.co/dXU1iIdUyp
Mon Nov 19 06:51:36 +0000 2018,0,[],39.7617,-121.609,0,"‚ÄúParadise Lost‚Äù...
we will never forget what the fire took away...hoping that some day we could return to see it ag‚Ä¶ https://t.co/iLqtwn3F8q"
Mon Nov 19 06:51:07 +0000 2018,0,[],39.7617,-121.609,0,"‚ÄúParadise Lost‚Äù...elusive purple bird of Paradise 
we will never forget what the fire took away...hoping that some‚Ä¶ https://t.co/255FloXUMK"
